-- Таблица товаров

INSERT INTO `products` (`id`, `name_product_id`, `name_category_id`, `model_product_id`, `manufacturer_id`, `description_id`, `image_product`, `availability_product`) VALUES (1, 1, 2, 1, 1, 2, 'http://www.robelschulist.org/', 'В наличии');
INSERT INTO `products` (`id`, `name_product_id`, `name_category_id`, `model_product_id`, `manufacturer_id`, `description_id`, `image_product`, `availability_product`) VALUES (2, 1, 2, 2, 1, 1, 'http://www.townecummerata.com/', 'В наличии');
INSERT INTO `products` (`id`, `name_product_id`, `name_category_id`, `model_product_id`, `manufacturer_id`, `description_id`, `image_product`, `availability_product`) VALUES (3, 1, 3, 3, 1, 1, 'http://huel.com/', 'В наличии');
INSERT INTO `products` (`id`, `name_product_id`, `name_category_id`, `model_product_id`, `manufacturer_id`, `description_id`, `image_product`, `availability_product`) VALUES (4, 1, 4, 4, 1, 1, 'http://labadieschimmel.org/', 'В наличии');
INSERT INTO `products` (`id`, `name_product_id`, `name_category_id`, `model_product_id`, `manufacturer_id`, `description_id`, `image_product`, `availability_product`) VALUES (5, 1, 5, 5, 1, 1, 'http://www.damore.net/', 'В наличии');
INSERT INTO `products` (`id`, `name_product_id`, `name_category_id`, `model_product_id`, `manufacturer_id`, `description_id`, `image_product`, `availability_product`) VALUES (6, 2, 1, 6, 2, 2, 'http://www.lehneroconnell.net/', 'В наличии');
INSERT INTO `products` (`id`, `name_product_id`, `name_category_id`, `model_product_id`, `manufacturer_id`, `description_id`, `image_product`, `availability_product`) VALUES (7, 2, 2, 7, 2, 2, 'http://www.cormier.org/', 'В наличии');
INSERT INTO `products` (`id`, `name_product_id`, `name_category_id`, `model_product_id`, `manufacturer_id`, `description_id`, `image_product`, `availability_product`) VALUES (8, 2, 3, 8, 2, 2, 'http://mcculloughthompson.com/', 'В наличии');
INSERT INTO `products` (`id`, `name_product_id`, `name_category_id`, `model_product_id`, `manufacturer_id`, `description_id`, `image_product`, `availability_product`) VALUES (9, 2, 4, 9, 2, 2, 'http://kshlerin.com/', 'В наличии');
INSERT INTO `products` (`id`, `name_product_id`, `name_category_id`, `model_product_id`, `manufacturer_id`, `description_id`, `image_product`, `availability_product`) VALUES (10, 2, 5, 10, 2, 2, 'http://emard.com/', 'В наличии');
INSERT INTO `products` (`id`, `name_product_id`, `name_category_id`, `model_product_id`, `manufacturer_id`, `description_id`, `image_product`, `availability_product`) VALUES (11, 3, 1, 11, 3, 3, 'http://www.toylindgren.info/', 'В наличии');
INSERT INTO `products` (`id`, `name_product_id`, `name_category_id`, `model_product_id`, `manufacturer_id`, `description_id`, `image_product`, `availability_product`) VALUES (12, 3, 2, 12, 3, 3, 'http://www.haucklesch.com/', 'В наличии');
INSERT INTO `products` (`id`, `name_product_id`, `name_category_id`, `model_product_id`, `manufacturer_id`, `description_id`, `image_product`, `availability_product`) VALUES (13, 3, 3, 13, 3, 3, 'http://haneleffler.com/', 'В наличии');
INSERT INTO `products` (`id`, `name_product_id`, `name_category_id`, `model_product_id`, `manufacturer_id`, `description_id`, `image_product`, `availability_product`) VALUES (14, 3, 4, 14, 3, 3, 'http://bernhard.com/', 'В наличии');
INSERT INTO `products` (`id`, `name_product_id`, `name_category_id`, `model_product_id`, `manufacturer_id`, `description_id`, `image_product`, `availability_product`) VALUES (15, 3, 5, 15, 3, 3, 'http://www.walshoconner.net/', 'В наличии');
INSERT INTO `products` (`id`, `name_product_id`, `name_category_id`, `model_product_id`, `manufacturer_id`, `description_id`, `image_product`, `availability_product`) VALUES (16, 4, 1, 16, 4, 4, 'http://hoeger.net/', 'В наличии');
INSERT INTO `products` (`id`, `name_product_id`, `name_category_id`, `model_product_id`, `manufacturer_id`, `description_id`, `image_product`, `availability_product`) VALUES (17, 4, 2, 17, 4, 4, 'http://cole.com/', 'В наличии');
INSERT INTO `products` (`id`, `name_product_id`, `name_category_id`, `model_product_id`, `manufacturer_id`, `description_id`, `image_product`, `availability_product`) VALUES (18, 4, 3, 18, 4, 4, 'http://www.halvorsonkris.info/', 'В наличии');
INSERT INTO `products` (`id`, `name_product_id`, `name_category_id`, `model_product_id`, `manufacturer_id`, `description_id`, `image_product`, `availability_product`) VALUES (19, 4, 4, 19, 4, 4, 'http://www.kovacek.com/', 'В наличии');
INSERT INTO `products` (`id`, `name_product_id`, `name_category_id`, `model_product_id`, `manufacturer_id`, `description_id`, `image_product`, `availability_product`) VALUES (20, 4, 5, 20, 4, 4, 'http://cole.org/', 'В наличии');
INSERT INTO `products` (`id`, `name_product_id`, `name_category_id`, `model_product_id`, `manufacturer_id`, `description_id`, `image_product`, `availability_product`) VALUES (21, 5, 1, 21, 5, 5, 'http://mertz.org/', 'В наличии');
INSERT INTO `products` (`id`, `name_product_id`, `name_category_id`, `model_product_id`, `manufacturer_id`, `description_id`, `image_product`, `availability_product`) VALUES (22, 5, 2, 22, 5, 5, 'http://www.kihn.com/', 'В наличии');
INSERT INTO `products` (`id`, `name_product_id`, `name_category_id`, `model_product_id`, `manufacturer_id`, `description_id`, `image_product`, `availability_product`) VALUES (23, 5, 3, 23, 5, 5, 'http://www.huels.info/', 'В наличии');
INSERT INTO `products` (`id`, `name_product_id`, `name_category_id`, `model_product_id`, `manufacturer_id`, `description_id`, `image_product`, `availability_product`) VALUES (24, 5, 4, 24, 5, 5, 'http://nienoworn.net/', 'В наличии');
INSERT INTO `products` (`id`, `name_product_id`, `name_category_id`, `model_product_id`, `manufacturer_id`, `description_id`, `image_product`, `availability_product`) VALUES (25, 5, 5, 25, 5, 5, 'http://www.oconnerlabadie.org/', 'В наличии');
INSERT INTO `products` (`id`, `name_product_id`, `name_category_id`, `model_product_id`, `manufacturer_id`, `description_id`, `image_product`, `availability_product`) VALUES (26, 6, 1, 26, 6, 6, 'http://steuber.org/', 'В наличии');
INSERT INTO `products` (`id`, `name_product_id`, `name_category_id`, `model_product_id`, `manufacturer_id`, `description_id`, `image_product`, `availability_product`) VALUES (27, 6, 2, 27, 6, 6, 'http://www.doyle.biz/', 'В наличии');
INSERT INTO `products` (`id`, `name_product_id`, `name_category_id`, `model_product_id`, `manufacturer_id`, `description_id`, `image_product`, `availability_product`) VALUES (28, 6, 3, 28, 6, 6, 'http://www.eichmannabshire.org/', 'В наличии');
INSERT INTO `products` (`id`, `name_product_id`, `name_category_id`, `model_product_id`, `manufacturer_id`, `description_id`, `image_product`, `availability_product`) VALUES (29, 6, 4, 29, 6, 6, 'http://grimesbauch.net/', 'В наличии');
INSERT INTO `products` (`id`, `name_product_id`, `name_category_id`, `model_product_id`, `manufacturer_id`, `description_id`, `image_product`, `availability_product`) VALUES (30, 6, 5, 30, 6, 6, 'http://www.anderson.com/', 'В наличии');
INSERT INTO `products` (`id`, `name_product_id`, `name_category_id`, `model_product_id`, `manufacturer_id`, `description_id`, `image_product`, `availability_product`) VALUES (31, 7, 1, 31, 7, 7, 'http://www.rutherfordking.org/', 'В наличии');
INSERT INTO `products` (`id`, `name_product_id`, `name_category_id`, `model_product_id`, `manufacturer_id`, `description_id`, `image_product`, `availability_product`) VALUES (32, 7, 2, 32, 7, 7, 'http://www.collier.com/', 'В наличии');
INSERT INTO `products` (`id`, `name_product_id`, `name_category_id`, `model_product_id`, `manufacturer_id`, `description_id`, `image_product`, `availability_product`) VALUES (33, 7, 3, 33, 7, 7, 'http://www.graham.com/', 'В наличии');
INSERT INTO `products` (`id`, `name_product_id`, `name_category_id`, `model_product_id`, `manufacturer_id`, `description_id`, `image_product`, `availability_product`) VALUES (34, 7, 4, 34, 7, 7, 'http://kub.com/', 'В наличии');
INSERT INTO `products` (`id`, `name_product_id`, `name_category_id`, `model_product_id`, `manufacturer_id`, `description_id`, `image_product`, `availability_product`) VALUES (35, 7, 5, 35, 7, 7, 'http://www.welch.net/', 'В наличии');
INSERT INTO `products` (`id`, `name_product_id`, `name_category_id`, `model_product_id`, `manufacturer_id`, `description_id`, `image_product`, `availability_product`) VALUES (36, 8, 5, 36, 8, 8, 'http://www.jakubowski.com/', 'В наличии');
INSERT INTO `products` (`id`, `name_product_id`, `name_category_id`, `model_product_id`, `manufacturer_id`, `description_id`, `image_product`, `availability_product`) VALUES (37, 8, 5, 37, 8, 8, 'http://www.hermiston.info/', 'В наличии');
INSERT INTO `products` (`id`, `name_product_id`, `name_category_id`, `model_product_id`, `manufacturer_id`, `description_id`, `image_product`, `availability_product`) VALUES (38, 8, 5, 38, 8, 8, 'http://schmitt.com/', 'В наличии');
INSERT INTO `products` (`id`, `name_product_id`, `name_category_id`, `model_product_id`, `manufacturer_id`, `description_id`, `image_product`, `availability_product`) VALUES (39, 8, 5, 39, 8, 8, 'http://www.ward.info/', 'В наличии');
INSERT INTO `products` (`id`, `name_product_id`, `name_category_id`, `model_product_id`, `manufacturer_id`, `description_id`, `image_product`, `availability_product`) VALUES (40, 8, 5, 40, 8, 8, 'http://www.tremblay.org/', 'В наличии');
INSERT INTO `products` (`id`, `name_product_id`, `name_category_id`, `model_product_id`, `manufacturer_id`, `description_id`, `image_product`, `availability_product`) VALUES (41, 9, 1, 41, 9, 9, 'http://www.dubuquelemke.biz/', 'В наличии');
INSERT INTO `products` (`id`, `name_product_id`, `name_category_id`, `model_product_id`, `manufacturer_id`, `description_id`, `image_product`, `availability_product`) VALUES (42, 9, 2, 42, 9, 9, 'http://www.lefflerprice.com/', 'В наличии');
INSERT INTO `products` (`id`, `name_product_id`, `name_category_id`, `model_product_id`, `manufacturer_id`, `description_id`, `image_product`, `availability_product`) VALUES (43, 9, 3, 43, 9, 9, 'http://upton.com/', 'В наличии');
INSERT INTO `products` (`id`, `name_product_id`, `name_category_id`, `model_product_id`, `manufacturer_id`, `description_id`, `image_product`, `availability_product`) VALUES (44, 9, 4, 44, 9, 9, 'http://barton.com/', 'В наличии');
INSERT INTO `products` (`id`, `name_product_id`, `name_category_id`, `model_product_id`, `manufacturer_id`, `description_id`, `image_product`, `availability_product`) VALUES (45, 9, 5, 45, 9, 9, 'http://boyer.com/', 'В наличии');
INSERT INTO `products` (`id`, `name_product_id`, `name_category_id`, `model_product_id`, `manufacturer_id`, `description_id`, `image_product`, `availability_product`) VALUES (46, 10, 1, 46, 10, 10, 'http://www.langworthledner.com/', 'В наличии');
INSERT INTO `products` (`id`, `name_product_id`, `name_category_id`, `model_product_id`, `manufacturer_id`, `description_id`, `image_product`, `availability_product`) VALUES (47, 10, 2, 47, 10, 10, 'http://buckridge.com/', 'В наличии');
INSERT INTO `products` (`id`, `name_product_id`, `name_category_id`, `model_product_id`, `manufacturer_id`, `description_id`, `image_product`, `availability_product`) VALUES (48, 10, 3, 48, 10, 10, 'http://farrell.com/', 'В наличии');
INSERT INTO `products` (`id`, `name_product_id`, `name_category_id`, `model_product_id`, `manufacturer_id`, `description_id`, `image_product`, `availability_product`) VALUES (49, 10, 4, 49, 10, 10, 'http://hirthe.info/', 'В наличии');
INSERT INTO `products` (`id`, `name_product_id`, `name_category_id`, `model_product_id`, `manufacturer_id`, `description_id`, `image_product`, `availability_product`) VALUES (50, 10, 5, 50, 10, 10, 'http://leannon.com/', 'В наличии');

-- Таблица названия товаров 

INSERT INTO `name_products` (`id`, `name_product`) VALUES (1, 'Adidas');
INSERT INTO `name_products` (`id`, `name_product`) VALUES (2, 'Nike');
INSERT INTO `name_products` (`id`, `name_product`) VALUES (3, 'H&M');
INSERT INTO `name_products` (`id`, `name_product`) VALUES (4, 'Lacoste');
INSERT INTO `name_products` (`id`, `name_product`) VALUES (5, 'Helly Hansen');
INSERT INTO `name_products` (`id`, `name_product`) VALUES (6, 'Uniqlo');
INSERT INTO `name_products` (`id`, `name_product`) VALUES (7, 'Gloria Jeans');
INSERT INTO `name_products` (`id`, `name_product`) VALUES (8, 'SOJOS');
INSERT INTO `name_products` (`id`, `name_product`) VALUES (9, 'FILA');
INSERT INTO `name_products` (`id`, `name_product`) VALUES (10, 'Mango');

-- Таблица описания товара

INSERT INTO `descriptions` (`id`, `name_product_id`, `description_product`) VALUES (1, 1, 'Воплощение спортивного и уличного стиля');
INSERT INTO `descriptions` (`id`, `name_product_id`, `description_product`) VALUES (2, 2, 'Спортивная одежда для тех кто много ходит');
INSERT INTO `descriptions` (`id`, `name_product_id`, `description_product`) VALUES (3, 3, 'Ведущая мировая компания одежды и обуви');
INSERT INTO `descriptions` (`id`, `name_product_id`, `description_product`) VALUES (4, 4, 'Бренд повседневной одежды для тех, кто ценит стиль и индивидуальность');
INSERT INTO `descriptions` (`id`, `name_product_id`, `description_product`) VALUES (5, 5, 'Качественная удобная повседневная и спортивная одежда');
INSERT INTO `descriptions` (`id`, `name_product_id`, `description_product`) VALUES (6, 6, 'Легкая, удобная и при этом стильная верхняя одежда');
INSERT INTO `descriptions` (`id`, `name_product_id`, `description_product`) VALUES (7, 7, 'Одежда, которая даёт свободу быть собой');
INSERT INTO `descriptions` (`id`, `name_product_id`, `description_product`) VALUES (8, 8, 'Оригинальная оптика');
INSERT INTO `descriptions` (`id`, `name_product_id`, `description_product`) VALUES (9, 9, 'Уникальная коллекция высокого класса');
INSERT INTO `descriptions` (`id`, `name_product_id`, `description_product`) VALUES (10, 10, 'Чем меньше воздействие, тем лучше окружающий мир');


-- Таблица цен на продукты

INSERT INTO `prices` (`id`, `name_product_id`, `name_category_id`, `price_product`) VALUES (1, 1, 1, '4333.00');
INSERT INTO `prices` (`id`, `name_product_id`, `name_category_id`, `price_product`) VALUES (2, 1, 2, '7600.00');
INSERT INTO `prices` (`id`, `name_product_id`, `name_category_id`, `price_product`) VALUES (3, 1, 3, '3100.00');
INSERT INTO `prices` (`id`, `name_product_id`, `name_category_id`, `price_product`) VALUES (4, 1, 4, '1111.00');
INSERT INTO `prices` (`id`, `name_product_id`, `name_category_id`, `price_product`) VALUES (5, 1, 5, '2300.00');
INSERT INTO `prices` (`id`, `name_product_id`, `name_category_id`, `price_product`) VALUES (6, 2, 1, '5400.00');
INSERT INTO `prices` (`id`, `name_product_id`, `name_category_id`, `price_product`) VALUES (7, 2, 2, '6900.00');
INSERT INTO `prices` (`id`, `name_product_id`, `name_category_id`, `price_product`) VALUES (8, 2, 3, '3200.00');
INSERT INTO `prices` (`id`, `name_product_id`, `name_category_id`, `price_product`) VALUES (9, 2, 4, '1007.00');
INSERT INTO `prices` (`id`, `name_product_id`, `name_category_id`, `price_product`) VALUES (10, 2, 5, '3350.00');
INSERT INTO `prices` (`id`, `name_product_id`, `name_category_id`, `price_product`) VALUES (11, 3, 1, '9500.00');
INSERT INTO `prices` (`id`, `name_product_id`, `name_category_id`, `price_product`) VALUES (12, 3, 2, '9100.00');
INSERT INTO `prices` (`id`, `name_product_id`, `name_category_id`, `price_product`) VALUES (13, 3, 3, '2800.00');
INSERT INTO `prices` (`id`, `name_product_id`, `name_category_id`, `price_product`) VALUES (14, 3, 4, '1100.00');
INSERT INTO `prices` (`id`, `name_product_id`, `name_category_id`, `price_product`) VALUES (15, 3, 5, '2140.00');
INSERT INTO `prices` (`id`, `name_product_id`, `name_category_id`, `price_product`) VALUES (16, 4, 2, '9209.00');
INSERT INTO `prices` (`id`, `name_product_id`, `name_category_id`, `price_product`) VALUES (17, 4, 2, '9051.00');
INSERT INTO `prices` (`id`, `name_product_id`, `name_category_id`, `price_product`) VALUES (18, 4, 3, '2700.00');
INSERT INTO `prices` (`id`, `name_product_id`, `name_category_id`, `price_product`) VALUES (19, 4, 4, '1000.00');
INSERT INTO `prices` (`id`, `name_product_id`, `name_category_id`, `price_product`) VALUES (20, 4, 5, '2320.00');
INSERT INTO `prices` (`id`, `name_product_id`, `name_category_id`, `price_product`) VALUES (21, 5, 1, '4420.00');
INSERT INTO `prices` (`id`, `name_product_id`, `name_category_id`, `price_product`) VALUES (22, 5, 2, '8510.00');
INSERT INTO `prices` (`id`, `name_product_id`, `name_category_id`, `price_product`) VALUES (23, 5, 3, '3210.00');
INSERT INTO `prices` (`id`, `name_product_id`, `name_category_id`, `price_product`) VALUES (24, 5, 4, '1112.00');
INSERT INTO `prices` (`id`, `name_product_id`, `name_category_id`, `price_product`) VALUES (25, 5, 4, '1212.00');
INSERT INTO `prices` (`id`, `name_product_id`, `name_category_id`, `price_product`) VALUES (26, 6, 1, '7310.00');
INSERT INTO `prices` (`id`, `name_product_id`, `name_category_id`, `price_product`) VALUES (27, 6, 2, '8470.00');
INSERT INTO `prices` (`id`, `name_product_id`, `name_category_id`, `price_product`) VALUES (28, 6, 3, '2455.00');
INSERT INTO `prices` (`id`, `name_product_id`, `name_category_id`, `price_product`) VALUES (29, 6, 4, '1001.00');
INSERT INTO `prices` (`id`, `name_product_id`, `name_category_id`, `price_product`) VALUES (30, 6, 5, '3245.00');
INSERT INTO `prices` (`id`, `name_product_id`, `name_category_id`, `price_product`) VALUES (31, 7, 1, '7415.00');
INSERT INTO `prices` (`id`, `name_product_id`, `name_category_id`, `price_product`) VALUES (32, 7, 2, '6655.00');
INSERT INTO `prices` (`id`, `name_product_id`, `name_category_id`, `price_product`) VALUES (33, 7, 3, '2955.00');
INSERT INTO `prices` (`id`, `name_product_id`, `name_category_id`, `price_product`) VALUES (34, 7, 4, '1011.00');
INSERT INTO `prices` (`id`, `name_product_id`, `name_category_id`, `price_product`) VALUES (35, 7, 5, '1965.00');
INSERT INTO `prices` (`id`, `name_product_id`, `name_category_id`, `price_product`) VALUES (36, 8, 5, '4575.00');
INSERT INTO `prices` (`id`, `name_product_id`, `name_category_id`, `price_product`) VALUES (37, 8, 5, '4735.00');
INSERT INTO `prices` (`id`, `name_product_id`, `name_category_id`, `price_product`) VALUES (38, 8, 5, '3965.00');
INSERT INTO `prices` (`id`, `name_product_id`, `name_category_id`, `price_product`) VALUES (39, 8, 5, '3255.00');
INSERT INTO `prices` (`id`, `name_product_id`, `name_category_id`, `price_product`) VALUES (40, 8, 5, '3085.00');
INSERT INTO `prices` (`id`, `name_product_id`, `name_category_id`, `price_product`) VALUES (41, 9, 1, '3985.00');
INSERT INTO `prices` (`id`, `name_product_id`, `name_category_id`, `price_product`) VALUES (42, 9, 2, '9054.00');
INSERT INTO `prices` (`id`, `name_product_id`, `name_category_id`, `price_product`) VALUES (43, 9, 3, '4435.00');
INSERT INTO `prices` (`id`, `name_product_id`, `name_category_id`, `price_product`) VALUES (44, 9, 4, '1465.00');
INSERT INTO `prices` (`id`, `name_product_id`, `name_category_id`, `price_product`) VALUES (45, 9, 5, '2625.00');
INSERT INTO `prices` (`id`, `name_product_id`, `name_category_id`, `price_product`) VALUES (46, 10, 1, '2699.00');
INSERT INTO `prices` (`id`, `name_product_id`, `name_category_id`, `price_product`) VALUES (47, 10, 2, '6555.00');
INSERT INTO `prices` (`id`, `name_product_id`, `name_category_id`, `price_product`) VALUES (48, 10, 3, '2285.00');
INSERT INTO `prices` (`id`, `name_product_id`, `name_category_id`, `price_product`) VALUES (49, 10, 4, '1003.00');
INSERT INTO `prices` (`id`, `name_product_id`, `name_category_id`, `price_product`) VALUES (50, 10, 5, '1799.00');


-- Таблица моделей


INSERT INTO `models` (`id`, `name_product_id`, `name_category_id`, `model_product`) VALUES (1, 1, 1, 'TENSAUR ');
INSERT INTO `models` (`id`, `name_product_id`, `name_category_id`, `model_product`) VALUES (2, 1, 2, 'TIRO21 ');
INSERT INTO `models` (`id`, `name_product_id`, `name_category_id`, `model_product`) VALUES (3, 1, 3, 'M 3S');
INSERT INTO `models` (`id`, `name_product_id`, `name_category_id`, `model_product`) VALUES (4, 1, 4, 'M MT');
INSERT INTO `models` (`id`, `name_product_id`, `name_category_id`, `model_product`) VALUES (5, 1, 5, 'SP-0016 91X');
INSERT INTO `models` (`id`, `name_product_id`, `name_category_id`, `model_product`) VALUES (6, 2, 1, 'VENTURE');
INSERT INTO `models` (`id`, `name_product_id`, `name_category_id`, `model_product`) VALUES (7, 2, 2, 'AWF JKT');
INSERT INTO `models` (`id`, `name_product_id`, `name_category_id`, `model_product`) VALUES (8, 2, 3, 'TRK PNT');
INSERT INTO `models` (`id`, `name_product_id`, `name_category_id`, `model_product`) VALUES (9, 2, 4, 'TOP SS');
INSERT INTO `models` (`id`, `name_product_id`, `name_category_id`, `model_product`) VALUES (10, 2, 5, 'EV0873 060');
INSERT INTO `models` (`id`, `name_product_id`, `name_category_id`, `model_product`) VALUES (11, 3, 1, 'GRING1');
INSERT INTO `models` (`id`, `name_product_id`, `name_category_id`, `model_product`) VALUES (12, 3, 2, 'MRN X');
INSERT INTO `models` (`id`, `name_product_id`, `name_category_id`, `model_product`) VALUES (13, 3, 3, 'FS PNT');
INSERT INTO `models` (`id`, `name_product_id`, `name_category_id`, `model_product`) VALUES (14, 3, 4, 'TEE BLACK');
INSERT INTO `models` (`id`, `name_product_id`, `name_category_id`, `model_product`) VALUES (15, 3, 5, 'RS202');
INSERT INTO `models` (`id`, `name_product_id`, `name_category_id`, `model_product`) VALUES (16, 4, 1, 'SX40');
INSERT INTO `models` (`id`, `name_product_id`, `name_category_id`, `model_product`) VALUES (17, 4, 2, 'SD105');
INSERT INTO `models` (`id`, `name_product_id`, `name_category_id`, `model_product`) VALUES (18, 4, 3, 'LM5');
INSERT INTO `models` (`id`, `name_product_id`, `name_category_id`, `model_product`) VALUES (19, 4, 4, 'NIC7');
INSERT INTO `models` (`id`, `name_product_id`, `name_category_id`, `model_product`) VALUES (20, 4, 5, 'SNK');
INSERT INTO `models` (`id`, `name_product_id`, `name_category_id`, `model_product`) VALUES (21, 5, 1, 'W FJORD');
INSERT INTO `models` (`id`, `name_product_id`, `name_category_id`, `model_product`) VALUES (22, 5, 2, 'CREW');
INSERT INTO `models` (`id`, `name_product_id`, `name_category_id`, `model_product`) VALUES (23, 5, 3, 'CAMPFIRE');
INSERT INTO `models` (`id`, `name_product_id`, `name_category_id`, `model_product`) VALUES (24, 5, 4, 'DRIFTLINE');
INSERT INTO `models` (`id`, `name_product_id`, `name_category_id`, `model_product`) VALUES (25, 5, 5, 'TRANSAT');
INSERT INTO `models` (`id`, `name_product_id`, `name_category_id`, `model_product`) VALUES (26, 6, 1, 'FG6');
INSERT INTO `models` (`id`, `name_product_id`, `name_category_id`, `model_product`) VALUES (27, 6, 2, 'Sherpa');
INSERT INTO `models` (`id`, `name_product_id`, `name_category_id`, `model_product`) VALUES (28, 6, 3, 'Original Fit');
INSERT INTO `models` (`id`, `name_product_id`, `name_category_id`, `model_product`) VALUES (29, 6, 4, 'Relaxed');
INSERT INTO `models` (`id`, `name_product_id`, `name_category_id`, `model_product`) VALUES (30, 6, 5, 'LV 1012');
INSERT INTO `models` (`id`, `name_product_id`, `name_category_id`, `model_product`) VALUES (31, 7, 1, 'AO V4');
INSERT INTO `models` (`id`, `name_product_id`, `name_category_id`, `model_product`) VALUES (32, 7, 2, 'Vertos');
INSERT INTO `models` (`id`, `name_product_id`, `name_category_id`, `model_product`) VALUES (33, 7, 3, 'JG1');
INSERT INTO `models` (`id`, `name_product_id`, `name_category_id`, `model_product`) VALUES (34, 7, 4, 'TOP');
INSERT INTO `models` (`id`, `name_product_id`, `name_category_id`, `model_product`) VALUES (35, 7, 5, 'AVIATOR');
INSERT INTO `models` (`id`, `name_product_id`, `name_category_id`, `model_product`) VALUES (36, 8, 5, 'Ultra LL');
INSERT INTO `models` (`id`, `name_product_id`, `name_category_id`, `model_product`) VALUES (37, 8, 5, 'PL S5');
INSERT INTO `models` (`id`, `name_product_id`, `name_category_id`, `model_product`) VALUES (38, 8, 5, 'VRW202');
INSERT INTO `models` (`id`, `name_product_id`, `name_category_id`, `model_product`) VALUES (39, 8, 5, 'HT107');
INSERT INTO `models` (`id`, `name_product_id`, `name_category_id`, `model_product`) VALUES (40, 8, 5, 'JK55');
INSERT INTO `models` (`id`, `name_product_id`, `name_category_id`, `model_product`) VALUES (41, 9, 1, 'HS8');
INSERT INTO `models` (`id`, `name_product_id`, `name_category_id`, `model_product`) VALUES (42, 9, 2, 'Wirzad');
INSERT INTO `models` (`id`, `name_product_id`, `name_category_id`, `model_product`) VALUES (43, 9, 3, 'RAM');
INSERT INTO `models` (`id`, `name_product_id`, `name_category_id`, `model_product`) VALUES (44, 9, 4, 'NT25');
INSERT INTO `models` (`id`, `name_product_id`, `name_category_id`, `model_product`) VALUES (45, 9, 5, 'TH 1723');
INSERT INTO `models` (`id`, `name_product_id`, `name_category_id`, `model_product`) VALUES (46, 10, 1, 'CH113');
INSERT INTO `models` (`id`, `name_product_id`, `name_category_id`, `model_product`) VALUES (47, 10, 2, 'PERFECT');
INSERT INTO `models` (`id`, `name_product_id`, `name_category_id`, `model_product`) VALUES (48, 10, 3, 'MOM80');
INSERT INTO `models` (`id`, `name_product_id`, `name_category_id`, `model_product`) VALUES (49, 10, 4, 'PSTMANGO');
INSERT INTO `models` (`id`, `name_product_id`, `name_category_id`, `model_product`) VALUES (50, 10, 5, 'MICONOS');


-- Таблица производителей

INSERT INTO `manufacturers` (`id`, `country_manufacturer`) VALUES (1, 'Германия');
INSERT INTO `manufacturers` (`id`, `country_manufacturer`) VALUES (2, 'Америка');
INSERT INTO `manufacturers` (`id`, `country_manufacturer`) VALUES (3, 'Швеция');
INSERT INTO `manufacturers` (`id`, `country_manufacturer`) VALUES (4, 'Франция');
INSERT INTO `manufacturers` (`id`, `country_manufacturer`) VALUES (5, 'Норвегия');
INSERT INTO `manufacturers` (`id`, `country_manufacturer`) VALUES (6, 'Япония');
INSERT INTO `manufacturers` (`id`, `country_manufacturer`) VALUES (7, 'Россия');
INSERT INTO `manufacturers` (`id`, `country_manufacturer`) VALUES (8, 'Китай');
INSERT INTO `manufacturers` (`id`, `country_manufacturer`) VALUES (9, 'Италия');
INSERT INTO `manufacturers` (`id`, `country_manufacturer`) VALUES (10, 'Испания');


-- Таблица категорий

INSERT INTO `categories` (`id`, `name_category`) VALUES (1, 'кроссовки');
INSERT INTO `categories` (`id`, `name_category`) VALUES (2, 'куртки');
INSERT INTO `categories` (`id`, `name_category`) VALUES (3, 'брюки');
INSERT INTO `categories` (`id`, `name_category`) VALUES (4, 'футболки');
INSERT INTO `categories` (`id`, `name_category`) VALUES (5, 'очки');


-- Таблица покупателей

INSERT INTO `buyers` (`id`, `email`, `phone`, `created_at`, `updated_at`) VALUES (1, 'imogene.howell@example.org', '1-878-732-0319x75274', '1983-12-09 17:30:51', '1998-11-27 07:17:07');
INSERT INTO `buyers` (`id`, `email`, `phone`, `created_at`, `updated_at`) VALUES (2, 'zkunde@example.org', '1-547-928-8201x4123', '2014-02-14 02:09:14', '1977-09-17 17:13:12');
INSERT INTO `buyers` (`id`, `email`, `phone`, `created_at`, `updated_at`) VALUES (3, 'odonnelly@example.com', '129-602-4521x7300', '1998-11-03 20:30:03', '2015-12-05 14:34:19');
INSERT INTO `buyers` (`id`, `email`, `phone`, `created_at`, `updated_at`) VALUES (4, 'mward@example.net', '118-878-1670', '1995-12-14 22:12:30', '2012-09-13 07:01:53');
INSERT INTO `buyers` (`id`, `email`, `phone`, `created_at`, `updated_at`) VALUES (5, 'makenzie09@example.org', '516-426-6589', '1972-11-11 04:07:03', '2016-04-10 22:11:01');
INSERT INTO `buyers` (`id`, `email`, `phone`, `created_at`, `updated_at`) VALUES (6, 'frieda.smitham@example.com', '(786)377-6002', '1989-03-12 03:23:22', '1970-08-09 10:32:00');
INSERT INTO `buyers` (`id`, `email`, `phone`, `created_at`, `updated_at`) VALUES (7, 'alejandrin.lindgren@example.net', '00199086993', '1979-07-14 18:37:42', '1979-12-21 11:36:36');
INSERT INTO `buyers` (`id`, `email`, `phone`, `created_at`, `updated_at`) VALUES (8, 'kuphal.price@example.org', '002-490-6064x588', '1970-08-07 16:26:35', '2012-10-13 16:38:56');
INSERT INTO `buyers` (`id`, `email`, `phone`, `created_at`, `updated_at`) VALUES (9, 'koch.donald@example.net', '164.784.0276x200', '1970-06-19 04:43:39', '2013-12-03 02:15:11');
INSERT INTO `buyers` (`id`, `email`, `phone`, `created_at`, `updated_at`) VALUES (10, 'fcarroll@example.org', '(593)233-2978x50787', '2020-08-07 05:26:28', '1986-04-29 01:49:58');
INSERT INTO `buyers` (`id`, `email`, `phone`, `created_at`, `updated_at`) VALUES (11, 'qkuhlman@example.org', '488-541-7929x44819', '1977-09-15 16:46:01', '1971-06-08 23:20:35');
INSERT INTO `buyers` (`id`, `email`, `phone`, `created_at`, `updated_at`) VALUES (12, 'herzog.travon@example.com', '(181)783-5435x665', '1999-07-11 06:48:01', '1984-03-29 04:38:33');
INSERT INTO `buyers` (`id`, `email`, `phone`, `created_at`, `updated_at`) VALUES (13, 'kshlerin.celia@example.net', '706.171.3313', '1976-06-12 14:32:43', '1975-10-13 18:31:27');
INSERT INTO `buyers` (`id`, `email`, `phone`, `created_at`, `updated_at`) VALUES (14, 'eve.armstrong@example.com', '1-008-971-9459x21996', '2003-08-22 11:24:13', '1978-02-19 00:01:24');
INSERT INTO `buyers` (`id`, `email`, `phone`, `created_at`, `updated_at`) VALUES (15, 'larkin.leslie@example.com', '+74(2)7544748444', '1989-01-05 03:02:52', '2021-02-09 12:40:55');
INSERT INTO `buyers` (`id`, `email`, `phone`, `created_at`, `updated_at`) VALUES (16, 'lcollier@example.com', '622-051-9287', '2014-01-14 08:30:03', '1985-08-26 10:13:25');



-- Таблица профилей покупателей


INSERT INTO `profiles` (`id`, `buyer_id`, `first_name`, `last_name`, `birth_date`, `gender_id`, `country`, `city`, `status`, `created_at`, `updated_at`) VALUES (1, 1, 'Karlee', 'Wintheiser', '1997-08-25', 1, 'South Korea', 'South Eve', 'ONLINE', '1984-08-06 03:54:55', '2015-01-31 17:44:10');
INSERT INTO `profiles` (`id`, `buyer_id`, `first_name`, `last_name`, `birth_date`, `gender_id`,  `country`, `city`, `status`, `created_at`, `updated_at`) VALUES (2, 2, 'Haylie', 'Feil', '1976-08-09', 2, 'USA', 'West Misael', 'OFFLINE', '1982-04-12 17:34:31', '2008-05-30 07:24:37');
INSERT INTO `profiles` (`id`, `buyer_id`, `first_name`, `last_name`, `birth_date`, `gender_id`,  `country`, `city`, `status`, `created_at`, `updated_at`) VALUES (3, 3, 'Makenzie', 'Heathcote', '1970-05-24', 1, 'Irish', 'Port Keatonmouth', 'OFFLINE', '2011-11-09 15:10:05', '2020-08-01 06:04:06');
INSERT INTO `profiles` (`id`, `buyer_id`, `first_name`, `last_name`, `birth_date`, `gender_id`,  `country`, `city`, `status`, `created_at`, `updated_at`) VALUES (4, 4, 'Eladio', 'Adams', '2011-06-28', 1, 'England', 'Isaihaven', 'OFFLINE', '1995-07-15 12:14:20', '1974-09-24 11:20:27');
INSERT INTO `profiles` (`id`, `buyer_id`, `first_name`, `last_name`, `birth_date`, `gender_id`,  `country`, `city`, `status`, `created_at`, `updated_at`) VALUES (5, 5, 'Giovanny', 'Murazik', '1975-11-17', 1,'Italy', 'Roobview', 'INACTIVE', '1992-10-08 06:32:54', '2001-10-06 22:37:40');
INSERT INTO `profiles` (`id`, `buyer_id`, `first_name`, `last_name`, `birth_date`, `gender_id`,  `country`, `city`, `status`, `created_at`, `updated_at`) VALUES (6, 6, 'Clair', 'Fisher', '1989-06-29', 2, 'USA', 'New Meagan', 'INACTIVE', '1994-10-05 23:46:06', '1979-11-22 06:03:39');
INSERT INTO `profiles` (`id`, `buyer_id`, `first_name`, `last_name`, `birth_date`, `gender_id`,  `country`, `city`, `status`, `created_at`, `updated_at`) VALUES (7, 7, 'Mervin', 'Muller', '2002-06-29', 1, 'Germany', 'Port Dean', 'INACTIVE', '1972-11-15 21:55:00', '2000-07-20 16:34:00');
INSERT INTO `profiles` (`id`, `buyer_id`, `first_name`, `last_name`, `birth_date`, `gender_id`,  `country`, `city`, `status`, `created_at`, `updated_at`) VALUES (8, 8, 'Luella', 'Fay', '2001-07-11', 2, 'USA', 'South Rhianna', 'INACTIVE', '1972-09-28 14:56:31', '2001-11-25 12:49:17');
INSERT INTO `profiles` (`id`, `buyer_id`, `first_name`, `last_name`, `birth_date`, `gender_id`,  `country`, `city`, `status`, `created_at`, `updated_at`) VALUES (9, 9, 'Nadia', 'Brakus', '1983-08-24', 2, 'Canada', 'West Clement', 'ONLINE', '1977-06-10 17:13:34', '2016-03-24 11:11:53');
INSERT INTO `profiles` (`id`, `buyer_id`, `first_name`, `last_name`, `birth_date`, `gender_id`,  `country`, `city`, `status`, `created_at`, `updated_at`) VALUES (10, 10, 'Maiya', 'Leffler', '2012-07-03', 2, 'South Africa', 'South Noemifurt', 'ONLINE', '1976-02-04 01:36:03', '2001-10-08 13:17:41');
INSERT INTO `profiles` (`id`, `buyer_id`, `first_name`, `last_name`, `birth_date`, `gender_id`,  `country`, `city`, `status`, `created_at`, `updated_at`) VALUES (11, 11, 'Magali', 'Zulauf', '1996-09-16', 1, 'India', 'Bennettshire', 'INACTIVE', '1984-03-13 20:51:45', '1994-02-05 04:25:02');
INSERT INTO `profiles` (`id`, `buyer_id`, `first_name`, `last_name`, `birth_date`, `gender_id`,  `country`, `city`, `status`, `created_at`, `updated_at`) VALUES (12, 12, 'Otis', 'Hand', '1997-02-28', 1, 'Austria', 'East Norbertofort', 'INACTIVE', '1973-03-18 09:34:36', '1996-09-23 02:03:07');
INSERT INTO `profiles` (`id`, `buyer_id`, `first_name`, `last_name`, `birth_date`, `gender_id`,  `country`, `city`, `status`, `created_at`, `updated_at`) VALUES (13, 13, 'Hester', 'Armstrong', '1999-05-15', 1, 'USA', 'North Rosella', 'INACTIVE', '1988-08-04 20:23:57', '1999-07-22 15:52:08');
INSERT INTO `profiles` (`id`, `buyer_id`, `first_name`, `last_name`, `birth_date`, `gender_id`,  `country`, `city`, `status`, `created_at`, `updated_at`) VALUES (14, 14, 'Kale', 'Eichmann', '1974-07-31', 1, 'England', 'South Genoveva', 'OFFLINE', '1996-01-13 06:50:40', '2009-12-28 17:22:29');
INSERT INTO `profiles` (`id`, `buyer_id`, `first_name`, `last_name`, `birth_date`, `gender_id`,  `country`, `city`, `status`, `created_at`, `updated_at`) VALUES (15, 15, 'Kyra', 'Wyman', '2014-01-25', 2, 'Canada', 'North Jaydonberg', 'OFFLINE', '1975-03-09 17:19:48', '2017-10-27 04:41:44');
INSERT INTO `profiles` (`id`, `buyer_id`, `first_name`, `last_name`, `birth_date`, `gender_id`,  `country`, `city`, `status`, `created_at`, `updated_at`) VALUES (16, 16, 'Paige', 'Rippin', '2002-01-01', 2, 'USA', 'New Eleanore', 'INACTIVE', '2016-02-02 02:17:45', '2014-02-25 07:56:10');


-- Таблица заказов

INSERT INTO `orders` (`id`, `buyer_id`, `gender_id`, `name_product_id`, `price_product_id`) VALUES (1, 1, 1, 12, 12);
INSERT INTO `orders` (`id`, `buyer_id`, `gender_id`, `name_product_id`, `price_product_id`) VALUES (2, 3, 1, 8, 8);
INSERT INTO `orders` (`id`, `buyer_id`, `gender_id`, `name_product_id`, `price_product_id`) VALUES (3, 4, 1, 1, 1);
INSERT INTO `orders` (`id`, `buyer_id`, `gender_id`, `name_product_id`, `price_product_id`) VALUES (4, 6, 2, 5, 5);
INSERT INTO `orders` (`id`, `buyer_id`, `gender_id`, `name_product_id`, `price_product_id`) VALUES (5, 7, 1, 45, 45);
INSERT INTO `orders` (`id`, `buyer_id`, `gender_id`, `name_product_id`, `price_product_id`) VALUES (6, 9, 2, 28, 28);
INSERT INTO `orders` (`id`, `buyer_id`, `gender_id`, `name_product_id`, `price_product_id`) VALUES (7, 10, 2, 36, 36);
INSERT INTO `orders` (`id`, `buyer_id`, `gender_id`, `name_product_id`, `price_product_id`) VALUES (8, 12, 1, 44, 44);
INSERT INTO `orders` (`id`, `buyer_id`, `gender_id`, `name_product_id`, `price_product_id`) VALUES (9, 13, 1, 50, 50);
INSERT INTO `orders` (`id`, `buyer_id`, `gender_id`, `name_product_id`, `price_product_id`) VALUES (10, 15, 2, 31, 31);


-- Таблица(пол)

INSERT INTO `genders` (`id`, `gender`) VALUES (1, 'Мужской');
INSERT INTO `genders` (`id`, `gender`) VALUES (2, 'Женский');
